date,views,unique_visitors,clones,unique_cloners
2026-07-28,1,1,0,0
2026-07-29,2,1,0,0
2026-07-30,0,0,1,1
2026-07-31,0,0,0,0
2026-08-01,0,0,0,0
2026-08-02,0,0,0,0
2026-08-03,2,1,0,0
2026-08-04,0,0,0,0
2026-08-05,0,0,0,0
2026-08-06,0,0,0,0
2026-08-07,35,1,0,0
2026-08-08,29,3,100,50
2026-08-09,3,1,43,21
2026-08-10,0,0,18,7
2026-08-11,6,1,54,28
2026-08-12,24,1,131,65
2026-08-13,0,0,3,3
2026-08-14,0,0,2,2
2026-08-15,6,1,2,2
2026-08-16,0,0,1,1
2026-08-17,0,0,10,7
2026-08-18,4,1,2,2
2026-08-19,0,0,2,2
2026-08-20,4,1,1,1
2026-08-21,0,0,3,3
2026-08-22,0,0,18,7
2026-08-23,0,0,1,1
2026-08-24,0,0,2,2
2026-08-25,1,1,3,3
2026-08-26,0,0,3,3
2026-08-27,0,0,2,2
2026-08-28,0,0,5,5
2026-08-29,0,0,4,4
2026-08-30,0,0,1,1
2026-08-31,0,0,7,4
2026-09-01,0,0,1,1
2026-09-02,0,0,3,3
2026-09-03,0,0,3,3
2026-09-04,0,0,1,1
2026-09-05,0,0,41,16
2026-09-06,0,0,4,4
2026-09-07,0,0,9,9
2026-09-08,3,1,2,2
2026-09-09,0,0,3,3
2026-09-10,0,0,8,8
2026-09-11,15,2,8,8
2026-09-12,0,0,2,2
2026-09-13,0,0,4,4
2026-09-14,0,0,3,3
2026-09-15,0,0,12,8
2026-09-16,0,0,2,2
2026-09-17,0,0,19,12
2026-09-18,0,0,14,11
2026-09-19,0,0,3,3
2026-09-20,0,0,3,3
2026-09-21,0,0,2,2
